{
  "manifest.json": 1736502378917,
  "controller/bookDetail.controller.js": 1736481384661,
  "model/cardManifests.json": 1736499094449,
  "controller/list.controller.js": 1736482090606,
  "controller/customerDetail.controller.js": 1736497478775,
  "model/models.js": 1735794677596,
  "controller/App.controller.js": 1735794677600,
  "controller/ActionsExtension.js": 1736498483328,
  "i18n/i18n.properties": 1735794677596,
  "Component.js": 1735815397925,
  "controller/bookDetail-dbg.controller.js": 1736481384661,
  "controller/bookDetail.controller.js.map": 1736502379074,
  "controller/list-dbg.controller.js": 1736482090606,
  "controller/list.controller.js.map": 1736502379077,
  "controller/customerDetail-dbg.controller.js": 1736497478775,
  "controller/customerDetail.controller.js.map": 1736502379072,
  "model/models-dbg.js": 1735794677596,
  "model/models.js.map": 1736502379064,
  "controller/App-dbg.controller.js": 1735794677600,
  "controller/App.controller.js.map": 1736502379066,
  "controller/ActionsExtension-dbg.js": 1736498483328,
  "controller/ActionsExtension.js.map": 1736502379066,
  "Component-dbg.js": 1735815397925,
  "Component.js.map": 1736502379069,
  "Component-preload.js": 1736502379274,
  "Component-preload.js.map": 1736502379274,
  "view/list.view.xml": 1736500131853,
  "view/customerDetail.view.xml": 1736495520006,
  "view/bookDetail.view.xml": 1736318963549,
  "view/App.view.xml": 1735808791949,
  "css/style.css": 1736165782561,
  "index.html": 1735794677592
}